id,Unnamed: 2,Turkishname,Polishname
100015,,Ferda,
100186,,Sançez,
100531,,Beyza,
100533,ج. كونر,,
100712,,,Szcząsny
100713,,,Rebus
100714,,,Lawandowski
100715,,,Skarupski
100716,,,Gik
100717,,,Klech
100718,,,Krechowiak
100719,,,Boroszyński
100720,,,Malik
100721,,,Kądziora
100722,,,Zialiński
100723,,,Rinetty
100724,,,Augustaniak
100725,,,Halik
100726,,,Berdnarek
100727,,,Świdarski
100728,,,Józwiek
100729,,,Majacki
100730,,,Szymeński
100731,,,Puhacz
100732,,,Modar
100733,,,Piętkowski
100734,,,Kozławski
100735,رونالتو,,
100988,,Musera,
101361,,S. Nuran,
101506,,Nito,
102128,,N.Uysar,
102143,,Mahmud,
102146,,Aleksi,
102168,,Nelson,
102226,,,Bechniewicz
103292,,,Fabieński
103379,,,Jech
103417,,C. Tos,
103481,,Raşika,
103549,,,Bialik
103638,,Ündel,
103674,,,Bałka
103741,,,Fela
103774,,Bernadoni,
103879,,Zerneli,
103897,,,Frenkowski
104042,,,Raca
104106,,,Jegiello
104151,,,Taodorczyk
104189,,,Żarkowski
104204,,,Dręgowski
104238,,,Dewidowicz
104291,,,Jeroszyński
104294,,,Dziaczek
104771,,,Łebojko
104840,,,Kemiński
104927,,,Piętek
104974,,Şindler,
104975,,Gikewikz,Gakiewicz
104986,,,Gamny
105062,,,Wszałek
105132,,,Badzek
105142,,,Kawnacki
105145,,,Pietrowski
106879,,,Zelewski
107010,,Koli,
107558,,,Preszelik
107588,,,Jegiello
107593,,Yasin,
107606,,,Welukiewicz
107635,,,Stąpiński
107639,,,Kawior
107649,,,Waśniewski
107684,,,Banedyczak
107915,,Pinçi,
108164,,,Płechata
108172,,,Bialik
108238,,,Biełkowski
108651,,,Dźwigeła
108761,,,T. Conek
108861,,,Szymeński
108876,,,Perzyszek
109285,,Metin,
109301,,,Lastkowski
109490,,,Kabylański
109588,,,Mrawca
109621,,,Kepacz
109648,,,Blecha
109650,,,Piassek
109668,,,Ziatarski
110638,المعيوف,,
110639,الدساري,,
110640,البليجي,,
110641,جافالي,,
110642,عبد الحماد,,
110643,كويلار,,
110644,الفراش,,
110645,فيتو,,
110646,الدساري,,
110647,كاريليو,,
110648,ماريجو,,
110649,الويس,,
110650,جينج,,
110651,المفرج,,
110652,الشهراني,,
110653,البورايق,,
110654,م. كين,,
110655,أ. مالكي,,
110656,مايكل,,
110657,إجالو,,
110929,,,Kemiński
111125,,,Malik
111183,,,Welukiewicz
111209,,Onan,
111214,,,Paręba
111258,,,Wietaska
111468,,,Kash
111469,,,Gamny
111470,,,Jądrzejczyk
111471,,,Grasicki
111472,,,Krechowiak
111473,,,Skóreś
111474,,,Szymeński
113013,الماليكيم,,
113014,فايك,,
113015,هانزيل,,
113016,الحافظ,,
113017,الأسابي,,
113018,مرجبان,,
113019,كاوم,,
113020,الأمين,,
113021,المجاز,,
113022,المغاد,,
113023,بوديبوز,,
113024,الريان,,
113025,الحكيم,,
113026,الزبان,,
113027,السبياني,,
113028,كارامير,,
113029,الأسدي,,
113030,الملخض,,
113031,المشتاق,,
113032,الغزالي,,
113033,عبداللي,,
113323,,Nsonzi,
113643,اسبينا,,
113644,كنعان,,
113645,مدني,,
113646,الفارو,,
113647,العزمي,,
113648,الخطامي,,
113649,جوستافيو,,
113650,تاليسكا,,
113651,النادري,,
113652,يمان,,
113653,أبو بكر,,
113654,الفخر,,
113655,الوجداني,,
113656,الفواز,,
113657,قصيد,,
113658,الغناوي,,
113659,الحسني,,
113660,السالمي,,
113661,مشاريبوف,,
113662,أسرار,,
113663,الغرام,,
113664,جروه,,
113665,حاجزي,,
113666,حازيوي,,
113667,بامساودي,,
113668,كورونايدو,,
113669,حميد,,
113670,الودود,,
113671,الأيان,,
113672,رومارينيو,,
113673,كوستا,,
113674,حمد,,
113675,الجداوي,,
113676,الشافي,,
113677,شرقي,,
113678,الشمساني,,
113679,شتيني,,
113680,السهيري,,
113681,بهسين,,
113682,البشيري,,
113683,كاماري,,
113684,السيف,,
114023,,,Świdarski
114024,,,Józwiek
114028,,,Sobaciński
114089,,,Przybałko
114138,,,Klech
114141,,Fontas,
114303,,,Niezgadza
114915,,Onur,
114917,,Tempe,
114920,,Elma,
114928,,Linkoln ,
114933,,Zak,
114937,,Kral,
114943,,Krespo,
114945,,Yanday,
114946,,More,
114948,,Meral,
114949,,Sami,
114950,,Rosi,
114954,,Mulekka,
114956,,Masuanko,
114958,,Keskin,
114960,,Erentür,
114961,,Giyermo,
114968,,,Michalek
114970,,Diyuf,
114973,,Demiray,
114975,,Karayer,
114979,,Muriç,
114981,,Tuğba,
114983,,Şahine,
114984,,Ozan,
114985,,Özen,
114992,,Bayram,
114995,,,Szys
114998,,Barkoviç,
114999,,Beyir,
115000,,Fere,
115002,,Dombia,
115003,,Özcan,
115005,,Karaka,
115008,,Karagül,
115009,,Akçay,
115011,,Gülnur,
115013,,Güner,
115015,,Ayhan,
115017,,Yarkınay,
115020,,Toprakyar,
115021,,Sare,
115024,,Bahçe,
115025,,Fredi,
115034,,Reyis,
115041,,Dresiviç,
115052,,Biraşi,
115053,,Tinti,
115058,,Kapaca,
115062,,Gülden,
115063,,Metin,
115068,,Şarkı,
115069,,Belhameda,
115070,,Akın,
115071,,Karaçiç,
115075,,Coşkun,
115077,,İner,
115082,,Çiğdem,
115084,,Osman,
115085,,Yeşil,
115087,,Çarisis,
115089,,Gredel,
115091,,Kaisedo,
115092,,Fırtına,
115093,,Apindangoye,
115095,,Erhan,
115096,,Paluri,
115098,,Yavuz,
115101,,Yatabari,
115104,,Tonk,
115105,,Serkan,
115109,,Hajradinoviç,
115111,,Erkin,
115112,,Falle,
115113,,Taylan,
115117,,Kar,
115122,,Demircan,
115123,,Kardelen,
115124,,Aksel,
115126,,Bekar,
115127,,Ali,
115129,,Erol,
115134,,Bora,
115137,,Şekerci,
115138,,Çağlar,
115140,,Taş,
115143,,Tabakçı,
115146,,Olivera,
115148,,Türkoğlu,
115149,,Yıldız,
115151,,Koçak,
115155,,Karaçam,
115159,,Raşika,
115163,,Koca,
115165,,Sazkaya,
115167,,Karim,
115170,,Başar,
115174,,Carol,
115178,,Civelekoğlu,
115179,,Gavranoviç,
115180,,Parlar,
115183,,Ersin,
115187,,Gölgeri,
115192,,Piru,
115199,,Savireviç,
115203,,Aslan,
115206,,Cenk,
115208,,Pınar,
115211,,Bozkurt,
115212,,Sağlık,
115215,,Mujakiç,
115217,,Uzun,
115220,,Konyalı,
115222,,Kılıç,
115225,,Kaya,
115226,,Kızıl,
115230,,Sahid,
115236,,Yeni,
115237,,Erdem,
115240,,Sarıtaş,
115244,,Gülbahar,
115245,,Ardan,
115248,,Yazar,
115249,,Berkay,
115251,,Özcan,
115252,,Ovusu,
115255,,Demir,
115259,,Gür,
115261,,Atahan,
115262,,George,
115264,,Cemal,
115265,,Nail,
115266,,Özkan,
115267,,Alison,
115271,,Gökhan,
115272,,Şanlı,
115274,,Aytaç,
115276,,Celios,
115279,,Kurtuluş,
115280,,Koray,
115282,,Özhan,
115283,,Avlu,
115286,,Çimen,
115287,,Koç,
115289,,,Hoławnia
115291,,Kerem,
115294,,Şahin,
115295,,Terziç,
115297,,Bakır,
115301,,Ovacık,
115303,,Arslan,
115304,,Şala,
115306,,Hakan,
115307,,Tozkoparan,
115309,,Sadi,
115310,,Bayram,
115311,,Baykal,
115312,,Osman,
115313,,Özgür,
115314,,Sertan,
115316,,Yıldız,
115318,,Tekir,
115319,,Baykan,
115320,,Clero,
115321,,Demirkan,
115322,,Akıllı,
115324,,Aksoy ,
115327,,Akbahar,
115328,,Petek,
115330,,Türkhan,
115331,,Özkurt,
115332,,Emre,
115333,,Uçan,
115335,,Kurtay,
115338,,Yıldırım,
115339,,,Szamski
115340,,Özalp,
115341,,Çiftçi,
115342,,Abdullah,
115344,,Güneş,
115345,,Yücel ,
115346,,Gönülfer,
115347,,Yavruer,
115351,,Taşan,
115353,,Alparslan,
115354,,Ülkay,
115356,,Aybars,
115357,,Demirkaya,
115360,,Akyıldız,
115361,,Cihan,
115365,,Kaçan,
115366,,Kınay,
115367,,Atalay,
115374,,İşçi,
115375,,Çağlar,
115376,,Can,
115378,,Yılmaz,
115383,,Demiröz,
115384,,Akbey,
115387,,Çetinkaya,
115388,,Yalçın,
115389,,Özen,
115392,,Toprak,
115393,,Aydın,
115395,,Alparslan,
115397,,Cömert,
115398,,Kurtulum,
115399,,Özlem,
115411,,Çağatay,
115412,,Turam,
115415,,Akman,
115418,,Kılınç,
115420,,Yaz,
115424,,Çınar,
115426,,Reşat,
115427,,Yardım,
115430,,Karademir,
115431,,İlhan,
115434,,Gündüz,
115435,,Saman,
115438,,Sarı,
115439,,Çevike,
115443,,Gül,
115444,,Köşe,
115445,,Ozan,
115450,,,Narepa
115459,,Erdoğan,
115460,,Yunus,
115465,,Metin,
115466,,Perihan,
115470,,Özçiçek,
115476,,Görkem,
115477,,Osman,
115483,,Altan,
115484,,Yıldız,
115485,,Hürmet,
115486,,Tefik,
115489,,Pa,
115496,,Büket,
115497,,Kahve,
115498,,Metin,
115500,,Erkan,
115502,,Altıparmark,
115503,,Odabaşoğlu,
115507,,Özçim,
115509,,Ortakay,
115514,,Köybaş,
115515,,Yıldırım,
115517,,Juni,
115518,,Kılıçaslan,
115521,,Gazi,
115522,,Çağman,
115523,,Kaya,
115524,,Çiftli,
115527,,Akın,
115528,,Aktepe,
115529,,Ağırbaş,
115531,,Korhan,
115534,,Serdar,
115535,,Sağlam,
115539,,Soysal,
115541,,Kurt,
115542,,Baykan,
115545,,Bayram,
115547,,Rotmann,
115552,,Koyun,
115553,,Karademir,
115554,,Konak,
115557,,Akbar,
115558,,Demircan,
115559,,Başkanalp,
115562,,Karagül,
115564,,Özkurt,
115566,,Gülsalam,
115567,,Yıldız,
115568,,Ünal,
115569,,Özkan,
115570,,Sarıkaya,
115572,,Erdem,
115573,,Özden,
115574,,Sarıkaya,
115575,,Yokuşlu,
115578,,Damir,
115579,,Gencer,
115580,,Güneş,
115581,,Yelkin,
115583,,Bakır,
115585,,Akbar,
115587,,Ovacık,
115588,,Estrella ,
115589,,Alparslan,
115592,,Canalp,
115593,,Tosun,
115594,,Yağcı,
115597,,Bayram,
115598,,Özcan ,
115600,,Akman,
115604,,Yaman,
115606,,Diken,
115607,,Ayaz,
115608,,Gökçe,
115611,,Erdoğan,
115612,,Mimarsoy,
115613,,Özen,
115614,,Özgür,
115615,,Öztürktaş,
115616,,Kay,
115618,,Esensoylu,
115619,,Melih,
115620,,Aktepe,
115621,,Kocaman,
115622,,Gürkan,
115623,,Özkan,
115624,,Yenal,
115626,,Gürel,
115628,,Baban,
115629,,Akdeniz,
115631,,Deniz,
115636,,Angela,
115637,,Kulak,
115638,,Şahin,
115639,,Şahindere,
115640,,Kerem,
115641,,Burak,
115642,,Eray,
115643,,Erkan,
115646,,Altıntop,
115649,,Yıldız,
115652,,Gönülal,
115653,,Özden,
115654,,Sühan,
115655,,Keçenoğlu,
115656,,Şelimoğlu,
115657,,Süngül,
115658,,Aktaş,
115659,,Tekir,
115660,,Süzer,
115661,,Sağlam,
115662,,Hamza,
115663,,Derya,
115664,,Bora,
115665,,Uluer,
115667,,Değirmen,
115671,,Yıldız,
115672,,Cölgece,
115675,,Şevket,
115678,,Yolmazgullari,
115679,,Kılıc,
115680,,Uludağ,
115685,,Karataş,
115687,,Ekici,
115691,,Kurtuluş,
115693,,Koç,
115694,,Tepeci,
115696,,Genç,
115697,,Salih,
115698,,Altındiş,
115702,,Sözen,
115703,,Görgüç,
115704,,Dalkıran,
115706,,Ayoğlu,
115708,,Gülden,
117505,البشايلي,,
117506,غالب,,
117507,مارتينيز,,
117521,,,Liz
117729,,Edgardo ,
117795,,Yılmaztürk,
117796,,Koçak,
117797,,Kaya,
117799,,Erkin,
117801,,Akçay,
117803,,Terziç,
117804,,Yeşil,
117805,,Başar,
117806,,Gümüş,
117807,,Özcan ,
117808,,Balıkçı,
117809,,Ayhan,
117812,,Türkhan,
117813,,Kurtuluş,
117815,,Özden,
117816,,Akbayrak,
117817,,Güneş,
117819,,Yılmaz,
117820,,Yeşilyurt,
117821,,Topçu,
117822,,Aslan ,
117825,,Erkinsoy,
117826,,Altınorak,
117828,,Okan,
117829,,Akgül,
117830,,Koral,
117831,,Ustura,
117832,,Aytekin,
117833,,Okumuş,
117834,,Çetin,
117835,,Kaya,
117836,,Çınar,
117837,,Demirkan,
117839,,Gürel,
117844,,Akgül,
117845,,Yıkılmaz,
117846,,İstemi,
117848,,Göktürk,
117849,,Aktepe,
117850,,Özer,
117852,,Serkan,
117854,,Gülben,
117855,,Somun,
117856,,Boran,
117858,,Yılmaz,
117882,,,Szymeński
117940,,,Kozławski
117942,,,Bialik
118583,,,Słowak
118791,,,Lotek
118799,,,Szymeński
118803,,Yüksel,
118839,,,Krechowiak
118894,,,Fela
118913,,Güven,
118914,,Yıldız,
118915,,Aksoy,
118929,,,Majacki
118940,,Akay,
119076,,Günal,
119077,,Bilge,
119130,,,Strochek
119238,,Yerel,
119241,,Tırpan,
119242,,Çelikhan,
119243,,Antalya,
119244,,Gümüşkurt,
119246,,Kılıç,
119259,,,Tyton
119294,,Çevikkol,
119295,,Ayhan,
119319,,,Skóreś
119365,,Mertay,
119368,,Ülgüner,
119370,,Mallıca,
119486,,Burakhan,
119746,,,Urbeński
119832,,,Ręgowski
119885,,,Kalbownik
119922,,Taşdemiroğlu,
119927,,Yardım,
119933,,Boran,
119937,,Özçiçekli,
119938,,Soyalpgil,
119943,,Dragus,
119944,,Ayeti,
119946,,Karataş,
119949,,,Kaluzinski
119950,,Safrani,
119952,,,Baksa
122000,ك. جوانكا,,
122001,ح. باقيري,,
122002,أ. بوبيندزا,,
122003,إ. بانيغا,,
122004,ح. القمر,,
122005,ج. كريتشوفياك,,G. Krechowiak
122006,م. الحي,,
122007,ح. تولماكتي,,
122008,لاكو,,
122009,ف. الصغير,,
122010,كيم,,
122011,كارلوس جونيو,,
122012,أ. أدهم,,
122013,ت. الأقمار,,
122014,م. آدمز,,
122015,س. الرباني,,
122016,ك. الغامدي,,
122017,ف. القاسمي,,
122018,ر. شراحاني,,
122019,م. كناوي,,
122020,ن. الشريفي,,
122021,أ. متوي,,
122022,ح. سباوي,,
122023,ل. توامبا,,
122024,س. النافيت,,
122025,كاكو,,
122026,ف. الرازي,,
122027,ميدران,,
122028,أ. المهدوي,,
122029,س. بالاوي,,
122030,ح. قادر,,
122031,ز. الشافي,,
122032,م. الغديمي,,
122033,مايلسون,,
122034,أ. رضوان,,
122035,ت. الملايفي,,
122036,ح. العمر,,
122037,س. الناصري,,
122038,م. حوازي,,
122039,ف. الدرابي,,
122040,ر. النجدي,,
122041,ت. عبداللي,,
122042,س. حزاوي,,
122043,ي. البرق,,
122044,أ. الباشي,,
122045,ن. الرشيدي,,
122046,ف. البيريقي,,
122047,كريستيان تيلو,,
122048,م. باتناه,,
122049,س. بندبكة,,
122050,بتروش,,
122051,م. الفهمي,,
122052,ت. بو هيماني,,
122053,م. صديني,,
122054,فران فيليز,,
122055,أ. الزويدي,,
122056,ج. راين,,
122057,ك. الغنيم,,
122058,أ. الخالدي,,
122059,ح. السليم,,
122060,ت. دينغاني,,
122061,أ. الدهماني,,
122062,ز. الجازي,,
122063,ح. المبارك,,
122064,سالم البدوي,,
122065,ر. كوايسون,,
122066,ف. الغداني,,
122067,فيتينيو,,
122068,م. الكواري,,
122069,إ. محفوظي,,
122070,أ. هزاري,,
122071,س. حواري,,
122072,م. تيسيرانت,,
122073,س. الموسى,,
122074,س. المفضل,,
122075,باولو فيكتور,,
122076,ي. نياكاتاي,,
122077,أ. الصالح,,
122078,ب. أوزديمير,B. Özdemirhan,
122079,أ. الغواني,,
122080,د. فيلكوفسكي,,
122081,أ. الخادم,,
122082,أ. الواقدي,,
122083,ن. سليتي,,
122084,ح. الغضي,,
122085,برونو دوارت,,
122086,م. حماوي,,
122087,ح. سوداني,,
122088,نانو,,
122089,أ. ماشر,,
122090,د. أنتوليتش,,
122091,أ. العامري,,
122092,أ. بدران,,
122093,ف. شافا,,
122094,أ. حوازي,,
122095,م. زغبة,,
122096,أ. النافع,,
122097,أ. مكرم,,
122098,ر. الموفق,,
122099,و. العنواري,,
122100,أ. حساني,,
122101,ح. الشهماني,,
122102,م. المهجاني,,
122103,أ. المجدي,,
122104,ك. البركاوي,,
122105,جوليو تافاريس,,
122106,أ. ميتريش,,
122107,س. فاخري,,
122108,م. البريقي,,
122109,م. فوزير,,
122110,أ. خزمي,,
122111,بابلو سانتوز,,
122112,م. سامي,,
122113,م. الدياري,,
122114,س. لونج,,
122115,ر. الغازي,,
122116,د. تشوكوفيتش,,
122117,ي. الشهيدي,,
122118,ي. سرام,,
122119,أ. الفواز,,
122120,أ. الرازي,,
122121,ن. حزاني,,
122122,أ. الشهري,,
122123,ك. الخالي,,
122124,ج. مبنزا,,
122125,م. حريري,,
122126,ك. موسونا,,
122127,أ. صايود,,
122128,م. علوي,,
122129,دينر,,
122130,ح. سالم,,
122131,الفا سيميدو,,
122132,أ. الصادق,,
122133,ك. في,,
122134,فيكتور براجا,,
122135,ح. الحافظ,,
122136,أ. الجزيري,,
122137,ك. العسري,,
122138,أ. مارتينيز,,
122139,أ. المحرمي,,
122140,ح. الجهني,,
122141,م. البحري,,
122142,أ. الهادي,,
122143,أ. فواز,,
122144,أ. نواكايمي,,
122145,أ. ترايكوفسكي,,
122146,فيكتور رويز,,
122147,ريكاردو ريلير,,
122148,س. مفرج,,
122149,ب. المحقق,,
122150,ح. الشقيري,,
122151,س. الخياطي,,
122152,م. البصري,,
122153,فيكتور ستويكوفيتش,,
122154,م. بافكوف,,
122155,باولينيو موسيلين,,
122156,م. أبوزهران,,
122157,أ. الزياني,,
122158,أ. السحيمي,,
122159,م. القدسي,,
122160,م. القادري,,
122161,ك. الخطيري,,
122162,أ. النوري,,
122163,ف. كايسيدو,,
122164,س. العمري,,
122165,س. بغير,,
122166,ن. السعدي,,
122167,د. ساديكي,,
122168,ز. ساميسي,,
122169,أ. الزوري,,
122170,أ. آتوشي,,
122171,س. نتيك,,
122172,ف. الجمعة,,
122173,د. اباسي,,
122174,أ. آدم,,
122175,يوسف متعيش,,
122176,ت. مزياني,,
122177,س. السلولي,,
122178,س. عمرو,,
122179,أ. الشمري,,
122180,أ. البركات,,
122181,ن. العثمان,,
122182,أ. الحبيب,,
122183,ك. يودا,,
122184,ح. الغازي,,
122185,ي. النواجي,,
122186,ف. فازهور,,
122187,أنسيلمو رامون,,
122188,و. باخشواني,,
122189,إ. حوازي,,
122190,أو. دوارت,,
122191,أ. الحكيم,,
122192,ح. الجزاني,,
122193,مونير,,
122194,ج. بوغيل,,
122195,جيرسون رودريجا,,
122196,م. القاسمي,,
122197,أ. الحديدي,,
122198,أ. كريمي,,
122199,أ. مكبولي,,
122200,أ. عطاري,,
122201,س. السحيدي,,
122202,بوتيا,,
122203,م. أنتونسان,,
122204,ر. لينيز,,
122205,م. العوفي,,
122206,س. غونزاليز,,
122207,د. تيجاني,,
122208,ك. الحمدي,,
122209,أ. السليم,,
122210,ف. الحربي,,
122211,ب. جودال,,
122212,م. مياتوفيتش,,
122213,و. الشنقيتي,,
122214,أ. الهريب,,
122215,ن. الصوبي,,
122216,أ. الحيدر,,
122217,أ. اليوسف,,
122218,أ. الجمان,,
122219,أ. العمري,,
122220,م. البوريه,,
122221,إدسون,,
122222,ف. التريس,,
122223,أ. السلطان,,
122224,ر. لوبيز,,
122225,ي. المحرقي,,
122226,أ. روا,,
122227,أ. بوكيا,,
122228,م. ساليفيو,,
122229,س. بيدروسا,,
122230,أ. اليوسف,,
122231,موريسيو,,
122232,م. نصير,,
122233,ب. الحضرمي,,
122234,م. كامباجنر,,
122235,ر. الشمالي,,
122236,م. فازلي,,
122237,ح. غفاري,,
122238,ي. القاسمي,,
122239,ب. الحدادي,,
122240,أ. المقدم,,
122241,م. هادي,,
122242,ت. محدث,,
122243,ي. فهد,,
122244,س. شيكالشي,,
122245,فابيو مارتينز,,
122246,ك. الشامي,,
122247,أ. بوكو,,
122248,موراتو,,
122249,لوكاس سوزا,,
122250,بيدرو أمورال,,
122251,إ. أنتوني,,
122252,م. خيبري,,
122253,أ. العوادي,,
122254,م. الحيثمي,,
122255,س. العابد,,
122256,أ. الزكي,,
122257,أ. السمعاني,,
122258,ح. العدوان,,
122259,ح. النويمي,,
122260,دوغلاس فريدريش,,
122261,م. السحاري,,
122262,أ. الحجالي,,
122263,أولا جون,,
122264,نوفل زرهوني,,
122265,سعود زيدي,,
122266,عاليسون,,
122267,أسامة الخليفي,,
122268,لوكا ستويانوفيك,,
122269,أ. الشهماري,,
122270,نيريز,,
122271,أ. حفيدي,,
122272,إبراهيم تندييا,,
122273,مالك أسيلة,,
122274,عبد الرحمن خالد الرازي,,
122275,تياغو رودريغيس,,
122276,الماسي محمد,,
122277,فهد العتيبي,,
122278,محمد السهيلي,,
122279,أحمد الجلاوي,,
122280,إزيكيل هانتي,,
122281,إبراهيم زاهد,,
122282,هشام فيك,,
122283,إسماعيل سيلفا ليما,,
122284,جوليو تافاريس,,
122285,وليد العمري,,
122286,ياسين برقاوي,,
122287,أحمد أسود,,
122288,عبد الله القاضي,,
122289,روزي,,
122290,محمد الأسمري,,
122291,صالح القزمي,,
122292,مصطفى مالكي,,
122293,إيغور روزي,,
122294,عبد الرحمن الدخيل,,
122295,حسين القاضي,,
122296,شاي الشرقي,,
122297,مارتن بويل,,
122298,أحمد الشريفي,,
122299,أحمد القاسم,,
122300,محمد فزير,,
122301,ريبيمار,,
122302,عمر محمد,,
122303,إنيس سيبوفي,,
122304,محمد عطا,,
122305,كارلوس أوهين,,
122306,تامر حاج محمد,,
122307,ساجر عثماني,,
122308,عبدالله مراد,,
122309,خالد محمد الشرقي,,
122310,أبوتي,,
122311,علي العميري,,
122312,أدولف تيكو,,
122313,فهد حفيظ,,
122314,غازي عبد الرزاق,,
122315,برون ميشيل,,
122316,ماجد حزيمي,,
122317,كارل ميدجاني,,
122318,حسين العذي,,
122319,الهريث,,
122320,السليمي,,
122321,المعالي,,
122322,اليماني,,
122323,الشاهي,,
122324,الزوري,,
122325,عبد العزيز الحميدي,,
122326,حسين الزيداني,,
122327,صالح الجماع,,
122328,خالد المحري,,
122329,ستويكوفيتش,,
122330,محمد ناجي,,
122331,مبارك النجدي,,
122332,مبارك السكاري,,
122334,تركي حماوي,,
122335,راكان النجدي,,
122336,عبد الرحمن اليماني,,
122337,محمد الشريفي,,
122338,خالد الشرقي,,
122339,عبد العزيز دوادي,,
122340,محمد العزالي,,
122341,عبد الله الخزالي,,
122342,نيكولا ستويليكوفيتش,,
122343,فهد العبدالرحمن,,
122344,عبدالله الداود,,
122345,أحمد كريم,,
122346,حمود الداود,,
122347,مارسينزو,,
122348,هاني النهدي,,
122349,عبد العزيز العزيزي,,
122350,فهد الماني,,
122351,ماجد الحمادي,,
122352,مشاري القرشي,,
122353,شيك كامارا,,
122354,حمد الداود,,
122355,إبراهيم النجهي,,
122356,نواف النجدي,,
122357,حسن شريف,,
122358,عبدالله الداود,,
122359,وسام وزيري,,
122360,صفيان أحناك,,
122361,محمد حميدان,,
122362,عامر حارث,,
122363,عصام القاسمي,,
122364,إبراهيم الحواري,,
122365,محمد الداود,,
122366,أبليدن مبينغو,,
122367,منذر النجهي,,
122368,ويلينغسون,,
122369,محمد مازين,,
122370,عبدالعزيز الداود,,
122371,منيف داود,,
122372,فابيان,,
122373,حمدان القزويني,,
122374,أمير بن أمين,,
122375,أدريان بارتريدج,,
122376,تيتو رينالدي,,
122377,أحمد الدغستاني,,
122378,كلايف بيتنر,,
122379,أسد الدوالي,,
122380,مشاري القرني,,
122381,حسن الخليفة,,
122382,هادي جعفري,,
122383,أحمد بهائي,,
122384,ناصر الخطيب,,
122385,رضا حجهود,,
122386,جان مارك ماكوسو مندل,,
122387,عمران البتروس,,
122388,عبد الرحمن الدخيل,,
122389,مشعل القرشي,,
122390,شيك كومارو,,
122391,حمزة الداود,,
122392,إلياس النجم,,
122393,نبيل النجار,,
122394,هشام شريف,,
122395,عبدالرحمن الداود,,
122396,وسيم واحد,,
122397,سليمان أحمد,,
122398,محمد حمزة,,
122399,عامر حارثي,,
122400,إسماعيل القاسم,,
122401,عمران الحواري,,
122402,محمد الداود,,
122403,أبليدن مبينغو,,
122404,ويلينغسون,,
122405,ويلينغسون,,
122406,محمد مزيد,,
122407,عبدالرحمن الغباني,,
122408,لازارد,,
122409,منتصر النجار,,
122410,نيرسون,,
122411,محمد مزهر,,
122412,فيصل الجهني,,
122413,حمد الجهيم,,
122414,إسايل,,
122415,راشد السليم,,
122416,حسام مديني,,
122417,جابر عيسى,,
122418,نواف العزيزي,,
122419,رضا بن سايح,,
122420,أندرسون بلاتاه,,
122421,بندر فيصل,,
122422,محمد مجرشي,,
122423,يوسف الزريعي,,
122424,عواض خريش,,
122425,محمد الناصر,,
122426,محمد الواكد,,
122427,سعد السالخ,,
122428,بدر الشريده,,
122429,حسن الحربي,,
122430,عبدالله حزازي,,
122431,جهاد ثاخري,,
122432,ناصر الدعجاني,,
122433,مشاري القحطاني,,
122434,محمد أبو شهمات,,
122435,عيسى الذكر الله,,
122436,فرج الغشاين,,
122437,طاهر واحدي,,
122438,سيدريك أميسيو,,
122439,جاسم الدوسري,,
122440,عبدالعزيز العثماني,,
122441,إبراهيم الشويل,,
122442,قسي الشلالي,,
122443,سايمون مسوفا,,
122444,عبدالعزيز النشي,,
122445,مزيد فريح,,
122446,رفعة الرويلي,,
122447,زياد الهنيدي,,
122448,عبدالعزيز الفهيكي,,
122449,ماهر هوساوي,,
122450,عبدالرحمن الذفيري,,
122451,تياغو بيزيرا,,
122452,ريالان برونو,,
122453,حمد المقاتي,,
122454,خالد الرويلي,,
122455,فواز فلاته,,
122456,حمدان الرويلي,,
122457,عبدالرحمن الخيبري,,
122458,عبدالله حلايل,,
122459,محمد الزبيدي,,
122460,محمد الصوفيان,,
122461,فهد الطالب,,
122462,مشعل كمي,,
122463,عمر الشراري,,
122464,محمد الرويلي,,
122465,ناصر الذفيري,,
122466,زيدان الشمري,,
122467,متلق الشمري,,
122468,عبدالله الصحيمي,,
122469,حمد جاوشي,,
122470,أحمد حاريسي,,
122471,ورد السلامة,,
122472,مهنا وقاص,,
122473,إبراهيم الخالدي,,
122474,محمد الذفيري,,
122475,خالد نيشوف,,
122476,عبدالله خطاب,,
122477,أشرف بودراما,,
122478,سليمان سكندة,,
122479,خالد الشمراني,,
122480,خالد السبيعي,,
122481,سلطان غنيمان,,
122482,ناصر الذفيري,,
122483,ياسر سويدان,,
122484,علي السبياني,,
122485,ياسين حمزة,,
122486,ناصر حلايل,,
122487,كرم برناوي,,
122488,علي الشيخي,,
122489,عيد القحطاني,,
122490,لحواري تولاه,,
122491,سعيد الزهراني,,
122492,تركي الصوفيان,,
122493,حسن رغفاوي,,
122494,ماجدي عطار,,
122495,عبدالرحمن الحارثي,,
122496,عبدالله الرشيدي,,
122497,محمد عطية,,
122498,عبدالمجيد الزهراني,,
122499,عبدالعزيز عسيري,,
122500,هشام بلكروية,,
122501,ناصر السياري,,
122502,عبدالعزيز القحطاني,,
122503,محمد الشيخي,,
122504,حسين هوساوي,,
122505,لامين ساماث,,
122506,فهد الصحافي,,
122507,البراء بادهم,,
122508,منصور المواليدي,,
122509,محمد عبد الحميدي,,
122510,ياسر عبداللي,,
122511,عثمان ملون,,
122512,مشعل قمي,,
122513,عمر الشراري,,
122514,محمد الرويلي,,
122515,ناصر الذفيري,,
122516,زيدان الشمري,,
122517,متلق الشمري,,
122518,عبدالله الصحيمي,,
122519,حميد جاوشي,,
122520,أحمد حاريسي,,
122521,ورد السلامة,,
122522,مهنا وقاص,,
122523,إبراهيم الخالدي,,
122524,محمد الذفيري,,
122525,خالد نيشوف,,
122526,عبدالله خطاب,,
122527,أشرف بودراما,,
122528,سليمان سكندة,,
122529,خالد الشمراني,,
122530,خالد السبيعي,,
122531,سلطان غنيمان,,
122532,ناصر الذفيري,,
122533,ياسر سويدان,,
122534,علي السبياني,,
122535,ياسين حمزة,,
122536,ناصر حلايل,,
122537,كرم برناوي,,
122538,علي الشيخي,,
122539,عيد القحطاني,,
122540,لحواري تولاه,,
122541,سعيد الزهراني,,
122542,تركي الصوفيان,,
122543,حسن رغفاوي,,
122544,ماجدي عطار,,
122545,عبدالرحمن الحارثي,,
122546,عبدالله الرشيدي,,
122547,محمد عطية,,
122548,عبدالمجيد الزهراني,,
122549,عبدالعزيز عسيري,,
122550,هشام بلكروية,,
122551,ناصر السياري,,
122552,عبدالعزيز القحطاني,,
122553,محمد الشيخي,,
122554,حسين هوساوي,,
122555,لامين ساماث,,
122556,فهد الصحافي,,
122557,البراء بادهم,,
122558,منصور المواليدي,,
122559,محمد عبد الحميدي,,
122560,ياسر عبداللي,,
122561,عثمان ملون,,
122562,ماجد مطير,,
122563,مشعل فارس,,
122564,طارق هوساوي,,
122565,محمد المنشاه,,
122566,بيكوتي,,
122567,نواف الفارس,,
122568,محمد النفيس,,
122569,سالم داودا,,
122570,غالب العنزي,,
122571,سعد الدوسري,,
122572,لؤي هوساوي,,
122573,عبدالله الدغيري,,
122574,محمد اليامي,,
122575,إزغي أليوسكي,,
122576,عبدالوهاب الهندي,,
122577,دانلر,,
122578,فهد الأحمد,,
122579,عبدالرحمن غديب,,
122580,إدوارد,,
122581,فيليب برداريك,,
122582,حسين هاشم العلي,,
122583,عمر السامي,,
122584,أمين العظمري,,
122585,حمدان محمد عسير,,
122586,أمين مجد,,
122587,عبدالعزيز المجرن,,
122588,علي نداو,,
122589,نوح الموسى,,
122590,سليمان المصباح,,
122591,ياسر المصلي,,
122592,الفرشان,,
122593,النفيسة,,
122594,سيلة,,
122595,العزيزي,,
122596,الدوسري,,
122597,لؤي,,
122598,الضغيري,,
122599,م اليامي,,
122600,أندريا,,
122601,دريسي,,
122602,دارا,,
122603,الغامدي,,
122604,سليم,,
122605,أكونو,,
122606,يوحنّس,,
122607,العقل,,
122608,هيلاني,,
122609,الفرجي,,
122610,طه,,
122611,المنشاوي,,
122612,بيكيه,,
122613,الفرشان,,
122614,النفيسة,,
122615,سيلة,,
122616,العزيزي,,
122617,الدوسري,,
122618,لؤي,,
122619,الضغيري,,
122620,م اليامي,,
122621,أليوسكي,,
122622,عبدالله,,
122623,دانكوا,,
122624,فهد,,
122625,عبد الرحيم,,
122626,ادواردو,,
122627,براداريتش,,
122628,ضعيفري,,
122629,نتش,,
122630,خطيب,,
122631,بودرة,,
122632,ساكاندي,,
122633,شمراني,,
122634,صوبي,,
122635,غانم,,
122636,سعيدان,,
122637,معتصم,,
122638,سبياني,,
122639,حمزة,,
122640,هلال,,
122641,برناوي,,
122642,شاكي,,
122643,قطاني,,
122644,طويل,,
122645,زهران,,
122646,دحيلان,,
122647,ميشرا,,
122648,هشام,,
122649,جعفري,,
122650,أحمد,,
122651,ناصر,,
122652,رضى,,
122653,موامبا,,
122654,أوما,,
122655,عبدالله,,
122656,مشاروي,,
122657,شيخرا,,
122658,حماد,,
122659,إبراهيم,,
122660,نواد,,
122661,شاكر,,
122662,عبدالرحمن,,
122663,وسام,,
122664,الخميس,,
122665,صالح,,
122666,أكرم,,
122667,جوناثان,,
122668,الأمين,,
122669,حمداني,,
122670,الفارس,,
122671,دارستاني,,
122672,حواري,,
122673,بلهارث,,
122674,ماجد,,
122675,مصطفى,,
122676,حواري,,
122677,شيخاتي,,
122678,نشيط,,
122679,دستري,,
122680,محسن,,
122681,النخيل,,
122682,محسن,,
122683,عبدالعزيز,,
122684,منير,,
122685,وليد,,
122686,محمد,,
122687,عبدالله,,
122688,دوست,,
122689,فهد,,
122690,قاسم,,
122691,بدر,,
122692,عادل,,
122693,طيب,,
122694,أحمد,,
122695,خالد,,
122696,دوحي,,
122697,مشعل,,
122698,حمدان,,
122699,جعفر,,
122700,الحارث,,
122701,السليم,,
122702,الموفق,,
122703,اليعقوبي,,
122704,الشريف,,
122705,الزهري,,
122706,ع. الحافظ,,
122707,ن. الصوفي,,
122708,ع. الحكيم,,
122709,ع. اليعقوب,,
122710,ع. الجزائري,,
122711,ت. مكي,,
122712,س. الصفوان,,
122713,س. عامر,,
122714,ع. الشريف,,
122715,ع. الحكيم,,
122716,ن. الجوهري,,
122717,ع. المهدي,,
122718,ر. ليموس,,
122719,م. القحطاني,,
122720,ك. جيريرو,,
122721,د. تاجوري,,
122722,ك. الهادي,,
122723,ع. الصافي,,
122724,ف. القحطاني,,
122725,ب. جوميس,,
122726,م. ميراليم,,
122727,و. الحارثي,,
122728,ع. الهادي,,
122729,ن. السعيد,,
122730,ع. القاسمي,,
122731,ع. المبارك,,
122732,ع. الجزائري,,
122733,ع. الأزهري,,
122734,م. البواردي,,
122735,إديسون,,
123043,,,Łokomy
123470,,Bilge,
123471,,Bekleviçhan,
123473,,Paolette,
123476,,Keleştaş,
123477,,Dursuner,
123625,,,Michelski
130918,,,P.Kiaszek
133098,,,J.Świerczak
